id,date,branch,features,hyperparameters,stage_a_accuracy,stage_a_macro_f1,stage_a_urgent_f1,stage_a_secondary_exact,cv_accuracy,cv_macro_f1,cv_urgent_f1,cv_secondary_exact,notes
majority_class,2026-10-06,baseline,none,predict payment_refund for every ticket,0.180000,0.027735,0.000000,0.900000,,,,,"floor: train majority category, secondary null, urgent false, scored on validation"
logreg_word,2026-10-06,classical,tfidf word 1-2 grams,LogReg C=1 class_weight=balanced max_iter=1000; thresholds 0.5,0.460000,0.501414,0.825175,0.952500,0.968958,0.963930,0.947712,0.990208,day-1 v0; rules applied; thresholds 0.5
logreg_word_char,2026-10-06,classical,tfidf word 1-2 + char_wb 2-5,LogReg C=1 class_weight=balanced max_iter=1000; thresholds 0.5,0.578750,0.603674,0.872483,0.951250,0.978333,0.975471,0.960172,0.991458,day-1 v0; rules applied; thresholds 0.5
svc_word_char,2026-10-06,classical,tfidf word 1-2 + char_wb 2-5,Calibrated LinearSVC C=1 class_weight=balanced ensemble=False; thresholds 0.5,0.633750,0.655821,0.829545,0.955000,0.989167,0.987717,0.982124,0.997708,day-1 v0; rules applied; thresholds 0.5; selected for the serving artifact
encoder_e5_small,2026-10-06,encoder,multilingual-e5-small mean-pool head+tail 256,AdamW lr=2e-5 epochs<=6 patience=2 batch=16 class_weight+pos_weight fp16 thresholds 0.5,0.782500,0.785518,0.907975,0.721250,0.993333,0.992657,0.954092,0.822292,"Kaggle GPU T4 x2. Stage A best epoch 4. CV/OOF is a ranking check only. Secondary exact is below the classical model at threshold 0.5."
nb_word_char,2026-10-06,classical,tfidf word 1-2 + char_wb 2-5,ComplementNB alpha=0.5 balanced sample_weight; thresholds 0.5,0.552500,0.549038,0.666667,0.735000,,,,,day-2 stage A; rules applied; thresholds 0.5; CV not re-run
sgd_word_char,2026-10-06,classical,tfidf word 1-2 + char_wb 2-5,SGD log_loss alpha=1e-4 class_weight=balanced; thresholds 0.5,0.611250,0.635591,0.870748,0.952500,,,,,day-2 stage A; rules applied; thresholds 0.5; CV not re-run
logreg_c4_word_char,2026-10-06,classical,tfidf word 1-2 + char_wb 2-5,LogReg C=4 class_weight=balanced max_iter=2000; thresholds 0.5,0.605000,0.628241,0.863014,0.952500,,,,,day-2 stage A; rules applied; thresholds 0.5; CV not re-run
logreg_c025_word_char,2026-10-06,classical,tfidf word 1-2 + char_wb 2-5,LogReg C=0.25 class_weight=balanced max_iter=2000; thresholds 0.5,0.541250,0.563440,0.836601,0.951250,,,,,day-2 stage A; rules applied; thresholds 0.5; CV not re-run
sgd_char36,2026-10-06,classical,tfidf word 1-2 + char_wb 3-6,SGD log_loss alpha=1e-4 class_weight=balanced; thresholds 0.5,0.616250,0.640332,0.857143,0.952500,,,,,day-2 stage A; rules applied; thresholds 0.5; CV not re-run
nb_char36,2026-10-06,classical,tfidf word 1-2 + char_wb 3-6,ComplementNB alpha=0.5 balanced sample_weight; thresholds 0.5,0.556250,0.552045,0.679803,0.741250,,,,,day-2 stage A; rules applied; thresholds 0.5; CV not re-run
svc_mindf1,2026-10-06,classical,tfidf word 1-2 + char_wb 2-5 min_df=1,Calibrated LinearSVC C=1 class_weight=balanced ensemble=False min_df=1; thresholds 0.5,0.638750,0.662971,0.811111,0.955000,,,,,day-2 stage A; rules applied; thresholds 0.5; CV not re-run
svc_word3,2026-10-06,classical,tfidf word 1-3 + char_wb 2-5,Calibrated LinearSVC C=1 class_weight=balanced ensemble=False word 1-3; thresholds 0.5,0.632500,0.653333,0.811429,0.955000,,,,,day-2 stage A; rules applied; thresholds 0.5; CV not re-run
lgbm_word_char,2026-10-06,classical,tfidf word 1-2 + char_wb 2-5,LGBM n_estimators=120 lr=0.1 num_leaves=31 class_weight=balanced colsample_bytree=0.3; thresholds 0.5,0.466250,0.474710,0.811594,0.947500,,,,,day-2 stage A; rules applied; thresholds 0.5; CV not re-run
fusion_svc_e5,2026-10-06,fusion,svc_word_char + multilingual-e5-small,encoder weights cat=0.75 sec=0.75 urg=0.5; T cat=0.5 sec=2.0 urg=1.0; thresholds secondary=0.5 urgent=0.5,0.797500,0.802169,0.907975,0.963750,,,,,weights and temperatures fit on OOF only; stage A scored once; serving manifest fuses the final encoder
